{"cameraMode":{"drawMode":0,"name":"Shaded","section":"Shading Mode"},"sceneLighting":false,"audioPlay":false,"sceneViewState":{"showFog":true,"showMaterialUpdate":false,"showSkybox":true,"showFlares":true,"showImageEffects":true,"showParticleSystems":true},"in2DMode":false,"pivot":{"x":192.66119384765626,"y":331.12432861328127,"z":-46.63868713378906},"rotation":{"x":0.3253684639930725,"y":0.02269146963953972,"z":-0.007810261100530624,"w":0.9452828168869019},"size":544.0902709960938,"orthographic":false}