{"cameraMode":{"drawMode":0,"name":"Shaded","section":"Shading Mode"},"sceneLighting":false,"audioPlay":false,"sceneViewState":{"showFog":true,"showMaterialUpdate":false,"showSkybox":true,"showFlares":true,"showImageEffects":true,"showParticleSystems":true},"in2DMode":false,"pivot":{"x":0.0,"y":12.399999618530274,"z":23.100000381469728},"rotation":{"x":0.3893358111381531,"y":-0.28900423645973208,"z":0.1301029622554779,"w":0.8648511171340942},"size":23.39278793334961,"orthographic":false}