{"cameraMode":{"drawMode":0,"name":"Shaded","section":"Shading Mode"},"sceneLighting":false,"audioPlay":false,"sceneViewState":{"showFog":true,"showMaterialUpdate":false,"showSkybox":true,"showFlares":true,"showImageEffects":true,"showParticleSystems":true},"in2DMode":false,"pivot":{"x":0.0,"y":20.715322494506837,"z":-12.742128372192383},"rotation":{"x":0.09265780448913574,"y":0.8694145083427429,"z":-0.1785031110048294,"w":0.45129770040512087},"size":12.151662826538086,"orthographic":false}