{"cameraMode":{"drawMode":0,"name":"Shaded","section":"Shading Mode"},"sceneLighting":false,"audioPlay":false,"sceneViewState":{"showFog":true,"showMaterialUpdate":false,"showSkybox":true,"showFlares":true,"showImageEffects":true,"showParticleSystems":true},"in2DMode":false,"pivot":{"x":-2.619999885559082,"y":15.0,"z":-2.450000047683716},"rotation":{"x":0.26901641488075259,"y":0.45836618542671206,"z":-0.1478387713432312,"w":0.8340709209442139},"size":16.999919891357423,"orthographic":false}